{"cameraMode":{"drawMode":0,"name":"Shaded","section":"Shading Mode"},"sceneLighting":false,"audioPlay":false,"sceneViewState":{"m_AlwaysRefresh":false,"showFog":true,"showSkybox":true,"showFlares":true,"showImageEffects":true,"showParticleSystems":true,"showVisualEffectGraphs":true,"m_FxEnabled":true},"in2DMode":false,"pivot":{"x":1.7148246765136719,"y":0.8706693649291992,"z":1.4228307008743287},"rotation":{"x":-0.40623629093170168,"y":0.5113305449485779,"z":-0.2984379827976227,"w":-0.6960310935974121},"size":3.8994805812835695,"orthographic":false}